0,1.1234e-05,1.8896e-06,-7.842e-06,0,0,0,1
0.00016909,1.1222e-05,1.889e-06,-7.837e-06,0,0,0,1
0.00033817,1.121e-05,1.8884e-06,-7.8319e-06,0,0,0,1
0.00050726,1.1198e-05,1.8878e-06,-7.8268e-06,0,0,0,1
0.00067635,1.1186e-05,1.8872e-06,-7.8218e-06,0,0,0,1
0.00084544,1.1173e-05,1.8866e-06,-7.8167e-06,0,0,0,1
0.0010145,1.1161e-05,1.886e-06,-7.8116e-06,0,0,0,1
0.0011836,1.1149e-05,1.8853e-06,-7.8065e-06,0,0,0,1
0.0013527,1.1137e-05,1.8847e-06,-7.8015e-06,0,0,0,1
0.0015218,1.1124e-05,1.8841e-06,-7.7964e-06,0,0,0,1
0.0084441,1.0624e-05,1.8591e-06,-7.5888e-06,0,0,0,1
0.015367,1.0125e-05,1.8342e-06,-7.381e-06,0,0,0,1
0.022289,9.6264e-06,1.8095e-06,-7.1731e-06,0,0,0,1
0.029211,9.1291e-06,1.7849e-06,-6.965e-06,0,0,0,1
0.036134,8.6328e-06,1.7605e-06,-6.7567e-06,0,0,0,1
0.043056,8.1375e-06,1.7362e-06,-6.5484e-06,0,0,0,1
0.049978,7.643e-06,1.712e-06,-6.3399e-06,0,0,0,1
0.056901,7.1494e-06,1.6879e-06,-6.1313e-06,0,0,0,1
0.063823,6.6566e-06,1.6639e-06,-5.9226e-06,0,0,0,1
0.064109,6.6362e-06,1.6629e-06,-5.914e-06,0,0,0,1
0.064395,6.6159e-06,1.6619e-06,-5.9054e-06,0,0,0,1
0.064681,6.5955e-06,1.6609e-06,-5.8967e-06,0,0,0,1
0.064967,6.5752e-06,1.6599e-06,-5.8881e-06,0,0,0,1
0.065253,6.5549e-06,1.659e-06,-5.8795e-06,0,0,0,1
0.065539,6.5345e-06,1.658e-06,-5.8709e-06,0,0,0,1
0.065825,6.5142e-06,1.657e-06,-5.8622e-06,0,0,0,1
0.066111,6.4938e-06,1.656e-06,-5.8536e-06,0,0,0,1
0.066397,6.4735e-06,1.655e-06,-5.845e-06,0,0,0,1
0.073319,5.985e-06,1.6311e-06,-5.6389e-06,0,0,0,1
0.080242,5.5037e-06,1.6074e-06,-5.4381e-06,0,0,0,1
0.087164,5.0298e-06,1.5839e-06,-5.2424e-06,0,0,0,1
0.094086,4.5632e-06,1.5606e-06,-5.0518e-06,0,0,0,1
0.10101,4.1039e-06,1.5374e-06,-4.8663e-06,0,0,0,1
0.10793,3.6519e-06,1.5144e-06,-4.6856e-06,0,0,0,1
0.11485,3.2072e-06,1.4916e-06,-4.5098e-06,0,0,0,1
0.12178,2.77e-06,1.4691e-06,-4.3387e-06,0,0,0,1
0.1287,2.3401e-06,1.4468e-06,-4.1723e-06,0,0,0,1
0.129,2.3216e-06,1.4458e-06,-4.1652e-06,0,0,0,1
0.1293,2.3032e-06,1.4448e-06,-4.1581e-06,0,0,0,1
0.1296,2.2847e-06,1.4439e-06,-4.151e-06,0,0,0,1
0.1299,2.2663e-06,1.4429e-06,-4.1439e-06,0,0,0,1
0.1302,2.2479e-06,1.442e-06,-4.1369e-06,0,0,0,1
0.1305,2.2295e-06,1.441e-06,-4.1298e-06,0,0,0,1
0.1308,2.2111e-06,1.44e-06,-4.1228e-06,0,0,0,1
0.1311,2.1927e-06,1.4391e-06,-4.1157e-06,0,0,0,1
0.1314,2.1743e-06,1.4381e-06,-4.1087e-06,0,0,0,1
0.13832,1.7537e-06,1.4159e-06,-3.9493e-06,0,0,0,1
0.14524,1.3389e-06,1.3936e-06,-3.7949e-06,0,0,0,1
0.15216,9.302e-07,1.3714e-06,-3.6452e-06,0,0,0,1
0.15909,5.2751e-07,1.3492e-06,-3.5003e-06,0,0,0,1
0.16601,1.3088e-07,1.3271e-06,-3.36e-06,0,0,0,1
0.17293,-2.5966e-07,1.305e-06,-3.2242e-06,0,0,0,1
0.17985,-6.4407e-07,1.283e-06,-3.0929e-06,0,0,0,1
0.18678,-1.0223e-06,1.261e-06,-2.966e-06,0,0,0,1
0.1937,-1.3944e-06,1.2392e-06,-2.8433e-06,0,0,0,1
0.19465,-1.4452e-06,1.2362e-06,-2.8267e-06,0,0,0,1
0.19561,-1.496e-06,1.2331e-06,-2.8103e-06,0,0,0,1
0.19656,-1.5466e-06,1.2301e-06,-2.7939e-06,0,0,0,1
0.19752,-1.5972e-06,1.2271e-06,-2.7776e-06,0,0,0,1
0.19847,-1.6476e-06,1.2241e-06,-2.7614e-06,0,0,0,1
0.19943,-1.6979e-06,1.2211e-06,-2.7453e-06,0,0,0,1
0.20038,-1.7482e-06,1.218e-06,-2.7294e-06,0,0,0,1
0.20134,-1.7983e-06,1.215e-06,-2.7135e-06,0,0,0,1
0.20229,-1.8484e-06,1.212e-06,-2.6977e-06,0,0,0,1
0.20922,-2.2083e-06,1.1899e-06,-2.5859e-06,0,0,0,1
0.21614,-2.5634e-06,1.1678e-06,-2.4784e-06,0,0,0,1
0.22306,-2.9136e-06,1.1456e-06,-2.3752e-06,0,0,0,1
0.22998,-3.2588e-06,1.1234e-06,-2.2762e-06,0,0,0,1
0.23691,-3.5989e-06,1.1012e-06,-2.1812e-06,0,0,0,1
0.24383,-3.934e-06,1.079e-06,-2.0902e-06,0,0,0,1
0.25075,-4.2639e-06,1.0568e-06,-2.0032e-06,0,0,0,1
0.25767,-4.5887e-06,1.0347e-06,-1.9199e-06,0,0,0,1
0.26459,-4.9082e-06,1.0126e-06,-1.8405e-06,0,0,0,1
0.26516,-4.9339e-06,1.0108e-06,-1.8342e-06,0,0,0,1
0.26572,-4.9596e-06,1.009e-06,-1.8279e-06,0,0,0,1
0.26628,-4.9853e-06,1.0072e-06,-1.8217e-06,0,0,0,1
0.26684,-5.0109e-06,1.0054e-06,-1.8155e-06,0,0,0,1
0.26741,-5.0366e-06,1.0036e-06,-1.8093e-06,0,0,0,1
0.26797,-5.0622e-06,1.0018e-06,-1.8032e-06,0,0,0,1
0.26853,-5.0877e-06,9.9995e-07,-1.7971e-06,0,0,0,1
0.2691,-5.1133e-06,9.9814e-07,-1.791e-06,0,0,0,1
0.26966,-5.1388e-06,9.9634e-07,-1.785e-06,0,0,0,1
0.27658,-5.4506e-06,9.7396e-07,-1.7127e-06,0,0,0,1
0.2835,-5.7585e-06,9.5134e-07,-1.6444e-06,0,0,0,1
0.29042,-6.0623e-06,9.285e-07,-1.5799e-06,0,0,0,1
0.29735,-6.362e-06,9.0548e-07,-1.5191e-06,0,0,0,1
0.30427,-6.6576e-06,8.8229e-07,-1.4619e-06,0,0,0,1
0.31119,-6.9489e-06,8.5895e-07,-1.4082e-06,0,0,0,1
0.31811,-7.2359e-06,8.3548e-07,-1.3581e-06,0,0,0,1
0.32504,-7.5185e-06,8.1191e-07,-1.3113e-06,0,0,0,1
0.33196,-7.7968e-06,7.8826e-07,-1.2679e-06,0,0,0,1
0.33257,-7.821e-06,7.8618e-07,-1.2642e-06,0,0,0,1
0.33318,-7.8453e-06,7.8409e-07,-1.2606e-06,0,0,0,1
0.33379,-7.8695e-06,7.82e-07,-1.257e-06,0,0,0,1
0.33439,-7.8936e-06,7.7991e-07,-1.2534e-06,0,0,0,1
0.335,-7.9178e-06,7.7781e-07,-1.2499e-06,0,0,0,1
0.33561,-7.9419e-06,7.7571e-07,-1.2464e-06,0,0,0,1
0.33622,-7.966e-06,7.7361e-07,-1.2429e-06,0,0,0,1
0.33683,-7.9901e-06,7.7151e-07,-1.2395e-06,0,0,0,1
0.33744,-8.0141e-06,7.694e-07,-1.2361e-06,0,0,0,1
0.34436,-8.2857e-06,7.4528e-07,-1.1992e-06,0,0,0,1
0.35128,-8.554e-06,7.2086e-07,-1.1658e-06,0,0,0,1
0.35821,-8.8189e-06,6.9618e-07,-1.1357e-06,0,0,0,1
0.36513,-9.0803e-06,6.7126e-07,-1.109e-06,0,0,0,1
0.37205,-9.3381e-06,6.4611e-07,-1.0853e-06,0,0,0,1
0.37897,-9.5923e-06,6.2077e-07,-1.0649e-06,0,0,0,1
0.3859,-9.8428e-06,5.9526e-07,-1.0474e-06,0,0,0,1
0.39282,-1.0089e-05,5.696e-07,-1.033e-06,0,0,0,1
0.39974,-1.0332e-05,5.4382e-07,-1.0214e-06,0,0,0,1
0.40078,-1.0368e-05,5.3993e-07,-1.02e-06,0,0,0,1
0.40182,-1.0405e-05,5.3603e-07,-1.0186e-06,0,0,0,1
0.40286,-1.0441e-05,5.3213e-07,-1.0173e-06,0,0,0,1
0.4039,-1.0477e-05,5.2821e-07,-1.016e-06,0,0,0,1
0.40494,-1.0512e-05,5.2429e-07,-1.0149e-06,0,0,0,1
0.40598,-1.0548e-05,5.2036e-07,-1.0138e-06,0,0,0,1
0.40702,-1.0584e-05,5.1642e-07,-1.0128e-06,0,0,0,1
0.40806,-1.062e-05,5.1247e-07,-1.0119e-06,0,0,0,1
0.4091,-1.0655e-05,5.0851e-07,-1.011e-06,0,0,0,1
0.41603,-1.0891e-05,4.82e-07,-1.0072e-06,0,0,0,1
0.42295,-1.1123e-05,4.5522e-07,-1.0063e-06,0,0,0,1
0.42987,-1.1353e-05,4.282e-07,-1.0082e-06,0,0,0,1
0.43679,-1.158e-05,4.0096e-07,-1.013e-06,0,0,0,1
0.44371,-1.1803e-05,3.7353e-07,-1.0204e-06,0,0,0,1
0.45064,-1.2023e-05,3.4593e-07,-1.0304e-06,0,0,0,1
0.45756,-1.224e-05,3.1819e-07,-1.0431e-06,0,0,0,1
0.46448,-1.2453e-05,2.9033e-07,-1.0583e-06,0,0,0,1
0.4714,-1.2663e-05,2.6237e-07,-1.076e-06,0,0,0,1
0.47201,-1.2681e-05,2.5991e-07,-1.0777e-06,0,0,0,1
0.47262,-1.2699e-05,2.5745e-07,-1.0794e-06,0,0,0,1
0.47323,-1.2717e-05,2.5498e-07,-1.0811e-06,0,0,0,1
0.47383,-1.2736e-05,2.5251e-07,-1.0828e-06,0,0,0,1
0.47444,-1.2754e-05,2.5004e-07,-1.0846e-06,0,0,0,1
0.47505,-1.2772e-05,2.4757e-07,-1.0864e-06,0,0,0,1
0.47566,-1.279e-05,2.451e-07,-1.0882e-06,0,0,0,1
0.47626,-1.2808e-05,2.4262e-07,-1.09e-06,0,0,0,1
0.47687,-1.2826e-05,2.4014e-07,-1.0919e-06,0,0,0,1
0.48379,-1.3031e-05,2.1171e-07,-1.1144e-06,0,0,0,1
0.49072,-1.3233e-05,1.8299e-07,-1.1393e-06,0,0,0,1
0.49764,-1.3432e-05,1.5402e-07,-1.1666e-06,0,0,0,1
0.50456,-1.3628e-05,1.2482e-07,-1.1962e-06,0,0,0,1
0.51148,-1.3821e-05,9.5406e-08,-1.228e-06,0,0,0,1
0.51841,-1.4011e-05,6.5815e-08,-1.262e-06,0,0,0,1
0.52533,-1.4198e-05,3.6066e-08,-1.2982e-06,0,0,0,1
0.53225,-1.4382e-05,6.1838e-09,-1.3365e-06,0,0,0,1
0.53917,-1.4562e-05,-2.3811e-08,-1.3769e-06,0,0,0,1
0.5398,-1.4579e-05,-2.6537e-08,-1.3806e-06,0,0,0,1
0.54043,-1.4595e-05,-2.9266e-08,-1.3844e-06,0,0,0,1
0.54106,-1.4611e-05,-3.1998e-08,-1.3882e-06,0,0,0,1
0.54168,-1.4627e-05,-3.4733e-08,-1.3921e-06,0,0,0,1
0.54231,-1.4643e-05,-3.7471e-08,-1.3959e-06,0,0,0,1
0.54294,-1.4659e-05,-4.0211e-08,-1.3998e-06,0,0,0,1
0.54357,-1.4675e-05,-4.2954e-08,-1.4037e-06,0,0,0,1
0.5442,-1.4691e-05,-4.5699e-08,-1.4076e-06,0,0,0,1
0.54482,-1.4707e-05,-4.8448e-08,-1.4115e-06,0,0,0,1
0.55175,-1.4883e-05,-7.8905e-08,-1.4559e-06,0,0,0,1
0.55867,-1.5056e-05,-1.0964e-07,-1.5022e-06,0,0,0,1
0.56559,-1.5226e-05,-1.4063e-07,-1.5504e-06,0,0,0,1
0.57251,-1.5393e-05,-1.7185e-07,-1.6005e-06,0,0,0,1
0.57944,-1.5558e-05,-2.0328e-07,-1.6523e-06,0,0,0,1
0.58636,-1.5719e-05,-2.3488e-07,-1.706e-06,0,0,0,1
0.59328,-1.5878e-05,-2.6664e-07,-1.7614e-06,0,0,0,1
0.6002,-1.6033e-05,-2.9852e-07,-1.8185e-06,0,0,0,1
0.60713,-1.6186e-05,-3.3052e-07,-1.8773e-06,0,0,0,1
0.60772,-1.6199e-05,-3.3326e-07,-1.8824e-06,0,0,0,1
0.60831,-1.6212e-05,-3.36e-07,-1.8875e-06,0,0,0,1
0.6089,-1.6224e-05,-3.3875e-07,-1.8927e-06,0,0,0,1
0.60949,-1.6237e-05,-3.415e-07,-1.8978e-06,0,0,0,1
0.61008,-1.625e-05,-3.4425e-07,-1.903e-06,0,0,0,1
0.61068,-1.6263e-05,-3.47e-07,-1.9082e-06,0,0,0,1
0.61127,-1.6276e-05,-3.4975e-07,-1.9134e-06,0,0,0,1
0.61186,-1.6288e-05,-3.5251e-07,-1.9186e-06,0,0,0,1
0.61245,-1.6301e-05,-3.5527e-07,-1.9238e-06,0,0,0,1
0.61937,-1.6449e-05,-3.8761e-07,-1.986e-06,0,0,0,1
0.6263,-1.6594e-05,-4.2006e-07,-2.0503e-06,0,0,0,1
0.63322,-1.6737e-05,-4.5261e-07,-2.1166e-06,0,0,0,1
0.64014,-1.6877e-05,-4.8522e-07,-2.1849e-06,0,0,0,1
0.64706,-1.7014e-05,-5.1788e-07,-2.2551e-06,0,0,0,1
0.65399,-1.7148e-05,-5.5056e-07,-2.3272e-06,0,0,0,1
0.66091,-1.728e-05,-5.8324e-07,-2.4011e-06,0,0,0,1
0.66783,-1.7409e-05,-6.1591e-07,-2.4768e-06,0,0,0,1
0.67475,-1.7535e-05,-6.4854e-07,-2.5543e-06,0,0,0,1
0.67677,-1.7571e-05,-6.5806e-07,-2.5773e-06,0,0,0,1
0.67879,-1.7607e-05,-6.6759e-07,-2.6004e-06,0,0,0,1
0.68081,-1.7643e-05,-6.7713e-07,-2.6237e-06,0,0,0,1
0.68283,-1.7679e-05,-6.8669e-07,-2.6472e-06,0,0,0,1
0.68485,-1.7714e-05,-6.9625e-07,-2.6709e-06,0,0,0,1
0.68687,-1.7749e-05,-7.0583e-07,-2.6948e-06,0,0,0,1
0.68889,-1.7784e-05,-7.1542e-07,-2.7189e-06,0,0,0,1
0.69091,-1.7819e-05,-7.2502e-07,-2.7431e-06,0,0,0,1
0.69293,-1.7853e-05,-7.3463e-07,-2.7675e-06,0,0,0,1
0.69985,-1.797e-05,-7.6766e-07,-2.8522e-06,0,0,0,1
0.70677,-1.8083e-05,-8.0077e-07,-2.938e-06,0,0,0,1
0.71369,-1.8193e-05,-8.3397e-07,-3.025e-06,0,0,0,1
0.72062,-1.8301e-05,-8.6721e-07,-3.1131e-06,0,0,0,1
0.72754,-1.8404e-05,-9.0048e-07,-3.2023e-06,0,0,0,1
0.73446,-1.8505e-05,-9.3377e-07,-3.2927e-06,0,0,0,1
0.74138,-1.8602e-05,-9.6705e-07,-3.3842e-06,0,0,0,1
0.74831,-1.8696e-05,-1.0003e-06,-3.4767e-06,0,0,0,1
0.75523,-1.8787e-05,-1.0335e-06,-3.5704e-06,0,0,0,1
0.75582,-1.8795e-05,-1.0364e-06,-3.5785e-06,0,0,0,1
0.75641,-1.8802e-05,-1.0392e-06,-3.5865e-06,0,0,0,1
0.75701,-1.881e-05,-1.042e-06,-3.5946e-06,0,0,0,1
0.7576,-1.8818e-05,-1.0449e-06,-3.6027e-06,0,0,0,1
0.75819,-1.8825e-05,-1.0477e-06,-3.6109e-06,0,0,0,1
0.75879,-1.8833e-05,-1.0506e-06,-3.619e-06,0,0,0,1
0.75938,-1.884e-05,-1.0534e-06,-3.6271e-06,0,0,0,1
0.75997,-1.8848e-05,-1.0563e-06,-3.6353e-06,0,0,0,1
0.76057,-1.8855e-05,-1.0591e-06,-3.6434e-06,0,0,0,1
0.76749,-1.894e-05,-1.0925e-06,-3.739e-06,0,0,0,1
0.77441,-1.9022e-05,-1.1258e-06,-3.8352e-06,0,0,0,1
0.78133,-1.9101e-05,-1.1592e-06,-3.9319e-06,0,0,0,1
0.78826,-1.9177e-05,-1.1925e-06,-4.0292e-06,0,0,0,1
0.79518,-1.925e-05,-1.2259e-06,-4.1271e-06,0,0,0,1
0.8021,-1.9319e-05,-1.2592e-06,-4.2256e-06,0,0,0,1
0.80902,-1.9385e-05,-1.2924e-06,-4.3246e-06,0,0,0,1
0.81594,-1.9449e-05,-1.3256e-06,-4.4243e-06,0,0,0,1
0.82287,-1.9509e-05,-1.3587e-06,-4.5245e-06,0,0,0,1
0.82346,-1.9514e-05,-1.3615e-06,-4.5332e-06,0,0,0,1
0.82406,-1.9519e-05,-1.3644e-06,-4.5419e-06,0,0,0,1
0.82466,-1.9524e-05,-1.3672e-06,-4.5506e-06,0,0,0,1
0.82526,-1.9529e-05,-1.3701e-06,-4.5592e-06,0,0,0,1
0.82585,-1.9534e-05,-1.3729e-06,-4.5679e-06,0,0,0,1
0.82645,-1.9538e-05,-1.3758e-06,-4.5766e-06,0,0,0,1
0.82705,-1.9543e-05,-1.3786e-06,-4.5854e-06,0,0,0,1
0.82764,-1.9548e-05,-1.3815e-06,-4.5941e-06,0,0,0,1
0.82824,-1.9553e-05,-1.3843e-06,-4.6028e-06,0,0,0,1
0.83516,-1.9607e-05,-1.4172e-06,-4.7041e-06,0,0,0,1
0.84209,-1.9659e-05,-1.4498e-06,-4.8055e-06,0,0,0,1
0.84901,-1.9706e-05,-1.482e-06,-4.9073e-06,0,0,0,1
0.85593,-1.9751e-05,-1.5139e-06,-5.0092e-06,0,0,0,1
0.86285,-1.9793e-05,-1.5454e-06,-5.1115e-06,0,0,0,1
0.86978,-1.9831e-05,-1.5766e-06,-5.214e-06,0,0,0,1
0.8767,-1.9866e-05,-1.6074e-06,-5.3168e-06,0,0,0,1
0.88362,-1.9898e-05,-1.6378e-06,-5.42e-06,0,0,0,1
0.89054,-1.9927e-05,-1.6679e-06,-5.5234e-06,0,0,0,1
0.89162,-1.9931e-05,-1.6726e-06,-5.5396e-06,0,0,0,1
0.8927,-1.9935e-05,-1.6772e-06,-5.5557e-06,0,0,0,1
0.89378,-1.9939e-05,-1.6818e-06,-5.5719e-06,0,0,0,1
0.89486,-1.9943e-05,-1.6865e-06,-5.5881e-06,0,0,0,1
0.89594,-1.9947e-05,-1.6911e-06,-5.6043e-06,0,0,0,1
0.89702,-1.9951e-05,-1.6957e-06,-5.6205e-06,0,0,0,1
0.8981,-1.9955e-05,-1.7003e-06,-5.6367e-06,0,0,0,1
0.89917,-1.9958e-05,-1.7049e-06,-5.653e-06,0,0,0,1
0.90025,-1.9962e-05,-1.7095e-06,-5.6692e-06,0,0,0,1
0.90718,-1.9983e-05,-1.7389e-06,-5.7735e-06,0,0,0,1
0.9141,-2.0001e-05,-1.7681e-06,-5.8778e-06,0,0,0,1
0.92102,-2.0016e-05,-1.7971e-06,-5.982e-06,0,0,0,1
0.92794,-2.0029e-05,-1.826e-06,-6.0863e-06,0,0,0,1
0.93487,-2.0038e-05,-1.8547e-06,-6.1905e-06,0,0,0,1
0.94179,-2.0045e-05,-1.8832e-06,-6.2947e-06,0,0,0,1
0.94871,-2.0049e-05,-1.9115e-06,-6.399e-06,0,0,0,1
0.95563,-2.005e-05,-1.9396e-06,-6.5033e-06,0,0,0,1
0.96256,-2.0048e-05,-1.9675e-06,-6.6077e-06,0,0,0,1
0.96315,-2.0047e-05,-1.9699e-06,-6.6166e-06,0,0,0,1
0.96374,-2.0047e-05,-1.9723e-06,-6.6255e-06,0,0,0,1
0.96433,-2.0047e-05,-1.9746e-06,-6.6345e-06,0,0,0,1
0.96492,-2.0046e-05,-1.977e-06,-6.6434e-06,0,0,0,1
0.96552,-2.0046e-05,-1.9794e-06,-6.6524e-06,0,0,0,1
0.96611,-2.0046e-05,-1.9818e-06,-6.6613e-06,0,0,0,1
0.9667,-2.0045e-05,-1.9841e-06,-6.6702e-06,0,0,0,1
0.96729,-2.0045e-05,-1.9865e-06,-6.6792e-06,0,0,0,1
0.96789,-2.0044e-05,-1.9889e-06,-6.6881e-06,0,0,0,1
0.97481,-2.0037e-05,-2.0163e-06,-6.7924e-06,0,0,0,1
0.98173,-2.0027e-05,-2.0433e-06,-6.896e-06,0,0,0,1
0.98865,-2.0013e-05,-2.0699e-06,-6.9989e-06,0,0,0,1
0.99558,-1.9996e-05,-2.0959e-06,-7.1012e-06,0,0,0,1
1.0025,-1.9976e-05,-2.1215e-06,-7.203e-06,0,0,0,1
1.0094,-1.9953e-05,-2.1467e-06,-7.3042e-06,0,0,0,1
1.0163,-1.9926e-05,-2.1713e-06,-7.4049e-06,0,0,0,1
1.0233,-1.9897e-05,-2.1955e-06,-7.5052e-06,0,0,0,1
1.0302,-1.9865e-05,-2.2192e-06,-7.605e-06,0,0,0,1
1.0309,-1.9861e-05,-2.2217e-06,-7.6154e-06,0,0,0,1
1.0316,-1.9858e-05,-2.2242e-06,-7.6258e-06,0,0,0,1
1.0324,-1.9854e-05,-2.2266e-06,-7.6363e-06,0,0,0,1
1.0331,-1.985e-05,-2.229e-06,-7.6467e-06,0,0,0,1
1.0338,-1.9847e-05,-2.2315e-06,-7.6571e-06,0,0,0,1
1.0345,-1.9843e-05,-2.2339e-06,-7.6675e-06,0,0,0,1
1.0353,-1.9839e-05,-2.2363e-06,-7.6779e-06,0,0,0,1
1.036,-1.9835e-05,-2.2388e-06,-7.6884e-06,0,0,0,1
1.0367,-1.9831e-05,-2.2412e-06,-7.6988e-06,0,0,0,1
1.0436,-1.9793e-05,-2.2639e-06,-7.7974e-06,0,0,0,1
1.0506,-1.9752e-05,-2.286e-06,-7.8946e-06,0,0,0,1
1.0575,-1.9708e-05,-2.3074e-06,-7.9905e-06,0,0,0,1
1.0644,-1.9662e-05,-2.3281e-06,-8.0851e-06,0,0,0,1
1.0713,-1.9613e-05,-2.3482e-06,-8.1785e-06,0,0,0,1
1.0782,-1.9561e-05,-2.3676e-06,-8.2707e-06,0,0,0,1
1.0852,-1.9507e-05,-2.3864e-06,-8.3619e-06,0,0,0,1
1.0921,-1.945e-05,-2.4046e-06,-8.452e-06,0,0,0,1
1.099,-1.9391e-05,-2.4221e-06,-8.541e-06,0,0,0,1
1.0996,-1.9386e-05,-2.4236e-06,-8.5485e-06,0,0,0,1
1.1002,-1.9381e-05,-2.425e-06,-8.556e-06,0,0,0,1
1.1008,-1.9375e-05,-2.4265e-06,-8.5635e-06,0,0,0,1
1.1014,-1.937e-05,-2.4279e-06,-8.5709e-06,0,0,0,1
1.1019,-1.9365e-05,-2.4294e-06,-8.5784e-06,0,0,0,1
1.1025,-1.936e-05,-2.4308e-06,-8.5859e-06,0,0,0,1
1.1031,-1.9355e-05,-2.4322e-06,-8.5933e-06,0,0,0,1
1.1037,-1.9349e-05,-2.4336e-06,-8.6007e-06,0,0,0,1
1.1043,-1.9344e-05,-2.4351e-06,-8.6082e-06,0,0,0,1
1.1112,-1.928e-05,-2.4514e-06,-8.6951e-06,0,0,0,1
1.1181,-1.9214e-05,-2.4669e-06,-8.7803e-06,0,0,0,1
1.1251,-1.9145e-05,-2.4817e-06,-8.8639e-06,0,0,0,1
1.132,-1.9074e-05,-2.4957e-06,-8.9459e-06,0,0,0,1
1.1389,-1.9e-05,-2.509e-06,-9.0264e-06,0,0,0,1
1.1458,-1.8925e-05,-2.5215e-06,-9.1054e-06,0,0,0,1
1.1527,-1.8847e-05,-2.5334e-06,-9.183e-06,0,0,0,1
1.1597,-1.8766e-05,-2.5444e-06,-9.2594e-06,0,0,0,1
1.1666,-1.8684e-05,-2.5548e-06,-9.3344e-06,0,0,0,1
1.1671,-1.8677e-05,-2.5556e-06,-9.3404e-06,0,0,0,1
1.1677,-1.8671e-05,-2.5564e-06,-9.3464e-06,0,0,0,1
1.1683,-1.8664e-05,-2.5572e-06,-9.3524e-06,0,0,0,1
1.1688,-1.8657e-05,-2.558e-06,-9.3584e-06,0,0,0,1
1.1694,-1.865e-05,-2.5588e-06,-9.3644e-06,0,0,0,1
1.1699,-1.8643e-05,-2.5596e-06,-9.3704e-06,0,0,0,1
1.1705,-1.8637e-05,-2.5604e-06,-9.3763e-06,0,0,0,1
1.1711,-1.863e-05,-2.5611e-06,-9.3823e-06,0,0,0,1
1.1716,-1.8623e-05,-2.5619e-06,-9.3882e-06,0,0,0,1
1.1785,-1.8536e-05,-2.571e-06,-9.4606e-06,0,0,0,1
1.1855,-1.8448e-05,-2.5791e-06,-9.5308e-06,0,0,0,1
1.1924,-1.8358e-05,-2.5864e-06,-9.5989e-06,0,0,0,1
1.1993,-1.8266e-05,-2.5929e-06,-9.665e-06,0,0,0,1
1.2062,-1.8171e-05,-2.5985e-06,-9.7292e-06,0,0,0,1
1.2132,-1.8075e-05,-2.6033e-06,-9.7916e-06,0,0,0,1
1.2201,-1.7977e-05,-2.6073e-06,-9.8523e-06,0,0,0,1
1.227,-1.7877e-05,-2.6105e-06,-9.9113e-06,0,0,0,1
1.2339,-1.7776e-05,-2.6129e-06,-9.9687e-06,0,0,0,1
1.2345,-1.7767e-05,-2.6131e-06,-9.9733e-06,0,0,0,1
1.2351,-1.7759e-05,-2.6133e-06,-9.978e-06,0,0,0,1
1.2356,-1.775e-05,-2.6134e-06,-9.9827e-06,0,0,0,1
1.2362,-1.7742e-05,-2.6136e-06,-9.9873e-06,0,0,0,1
1.2368,-1.7733e-05,-2.6137e-06,-9.9919e-06,0,0,0,1
1.2374,-1.7725e-05,-2.6139e-06,-9.9966e-06,0,0,0,1
1.2379,-1.7716e-05,-2.614e-06,-1.0001e-05,0,0,0,1
1.2385,-1.7708e-05,-2.6141e-06,-1.0006e-05,0,0,0,1
1.2391,-1.7699e-05,-2.6142e-06,-1.001e-05,0,0,0,1
1.246,-1.7594e-05,-2.6156e-06,-1.0065e-05,0,0,0,1
1.2529,-1.7488e-05,-2.6168e-06,-1.0117e-05,0,0,0,1
1.2598,-1.738e-05,-2.6177e-06,-1.0166e-05,0,0,0,1
1.2668,-1.727e-05,-2.6186e-06,-1.0214e-05,0,0,0,1
1.2737,-1.7159e-05,-2.6192e-06,-1.026e-05,0,0,0,1
1.2806,-1.7047e-05,-2.6196e-06,-1.0304e-05,0,0,0,1
1.2875,-1.6933e-05,-2.6198e-06,-1.0347e-05,0,0,0,1
1.2945,-1.6818e-05,-2.6198e-06,-1.0387e-05,0,0,0,1
1.3014,-1.6701e-05,-2.6196e-06,-1.0427e-05,0,0,0,1
1.3032,-1.6671e-05,-2.6195e-06,-1.0436e-05,0,0,0,1
1.3049,-1.6641e-05,-2.6194e-06,-1.0446e-05,0,0,0,1
1.3067,-1.661e-05,-2.6193e-06,-1.0456e-05,0,0,0,1
1.3085,-1.658e-05,-2.6191e-06,-1.0465e-05,0,0,0,1
1.3103,-1.6549e-05,-2.619e-06,-1.0474e-05,0,0,0,1
1.3121,-1.6518e-05,-2.6189e-06,-1.0484e-05,0,0,0,1
1.3138,-1.6487e-05,-2.6187e-06,-1.0493e-05,0,0,0,1
1.3156,-1.6456e-05,-2.6185e-06,-1.0502e-05,0,0,0,1
1.3174,-1.6425e-05,-2.6184e-06,-1.051e-05,0,0,0,1
1.3243,-1.6304e-05,-2.6172e-06,-1.0543e-05,0,0,0,1
1.3312,-1.6182e-05,-2.615e-06,-1.0574e-05,0,0,0,1
1.3382,-1.606e-05,-2.6119e-06,-1.0602e-05,0,0,0,1
1.3451,-1.5938e-05,-2.6079e-06,-1.0628e-05,0,0,0,1
1.352,-1.5815e-05,-2.603e-06,-1.0652e-05,0,0,0,1
1.3589,-1.5692e-05,-2.5973e-06,-1.0673e-05,0,0,0,1
1.3659,-1.5568e-05,-2.5907e-06,-1.0694e-05,0,0,0,1
1.3728,-1.5444e-05,-2.5833e-06,-1.0712e-05,0,0,0,1
1.3797,-1.5319e-05,-2.5752e-06,-1.0728e-05,0,0,0,1
1.3809,-1.5297e-05,-2.5736e-06,-1.0731e-05,0,0,0,1
1.3822,-1.5275e-05,-2.5721e-06,-1.0734e-05,0,0,0,1
1.3834,-1.5253e-05,-2.5705e-06,-1.0737e-05,0,0,0,1
1.3846,-1.523e-05,-2.5688e-06,-1.0739e-05,0,0,0,1
1.3859,-1.5208e-05,-2.5672e-06,-1.0742e-05,0,0,0,1
1.3871,-1.5186e-05,-2.5655e-06,-1.0744e-05,0,0,0,1
1.3883,-1.5163e-05,-2.5637e-06,-1.0746e-05,0,0,0,1
1.3896,-1.5141e-05,-2.562e-06,-1.0749e-05,0,0,0,1
1.3908,-1.5118e-05,-2.5602e-06,-1.0751e-05,0,0,0,1
1.3977,-1.4993e-05,-2.5498e-06,-1.0762e-05,0,0,0,1
1.4047,-1.4866e-05,-2.5387e-06,-1.0772e-05,0,0,0,1
1.4116,-1.4739e-05,-2.5271e-06,-1.0779e-05,0,0,0,1
1.4185,-1.4611e-05,-2.5149e-06,-1.0786e-05,0,0,0,1
1.4254,-1.4483e-05,-2.5021e-06,-1.079e-05,0,0,0,1
1.4323,-1.4354e-05,-2.4888e-06,-1.0794e-05,0,0,0,1
1.4393,-1.4225e-05,-2.4749e-06,-1.0795e-05,0,0,0,1
1.4462,-1.4094e-05,-2.4605e-06,-1.0796e-05,0,0,0,1
1.4531,-1.3964e-05,-2.4456e-06,-1.0796e-05,0,0,0,1
1.4538,-1.3951e-05,-2.4441e-06,-1.0795e-05,0,0,0,1
1.4545,-1.3938e-05,-2.4427e-06,-1.0795e-05,0,0,0,1
1.4551,-1.3926e-05,-2.4412e-06,-1.0795e-05,0,0,0,1
1.4558,-1.3913e-05,-2.4397e-06,-1.0795e-05,0,0,0,1
1.4565,-1.39e-05,-2.4382e-06,-1.0795e-05,0,0,0,1
1.4571,-1.3887e-05,-2.4367e-06,-1.0795e-05,0,0,0,1
1.4578,-1.3875e-05,-2.4352e-06,-1.0794e-05,0,0,0,1
1.4585,-1.3862e-05,-2.4337e-06,-1.0794e-05,0,0,0,1
1.4592,-1.3849e-05,-2.4321e-06,-1.0794e-05,0,0,0,1
1.4661,-1.3717e-05,-2.4163e-06,-1.0791e-05,0,0,0,1
1.473,-1.3585e-05,-2.4003e-06,-1.0785e-05,0,0,0,1
1.4799,-1.3452e-05,-2.384e-06,-1.0778e-05,0,0,0,1
1.4869,-1.3318e-05,-2.3675e-06,-1.0769e-05,0,0,0,1
1.4938,-1.3184e-05,-2.3507e-06,-1.0759e-05,0,0,0,1
1.5007,-1.305e-05,-2.3337e-06,-1.0747e-05,0,0,0,1
1.5076,-1.2915e-05,-2.3165e-06,-1.0734e-05,0,0,0,1
1.5145,-1.2779e-05,-2.299e-06,-1.072e-05,0,0,0,1
1.5215,-1.2643e-05,-2.2812e-06,-1.0704e-05,0,0,0,1
1.5227,-1.2619e-05,-2.2781e-06,-1.0701e-05,0,0,0,1
1.5239,-1.2595e-05,-2.275e-06,-1.0699e-05,0,0,0,1
1.5251,-1.2571e-05,-2.2718e-06,-1.0696e-05,0,0,0,1
1.5263,-1.2547e-05,-2.2687e-06,-1.0693e-05,0,0,0,1
1.5275,-1.2523e-05,-2.2655e-06,-1.069e-05,0,0,0,1
1.5287,-1.2499e-05,-2.2624e-06,-1.0686e-05,0,0,0,1
1.5299,-1.2475e-05,-2.2592e-06,-1.0683e-05,0,0,0,1
1.5312,-1.2451e-05,-2.256e-06,-1.068e-05,0,0,0,1
1.5324,-1.2427e-05,-2.2528e-06,-1.0677e-05,0,0,0,1
1.5393,-1.2289e-05,-2.2345e-06,-1.0658e-05,0,0,0,1
1.5462,-1.2152e-05,-2.2159e-06,-1.0637e-05,0,0,0,1
1.5531,-1.2014e-05,-2.1969e-06,-1.0617e-05,0,0,0,1
1.5601,-1.1875e-05,-2.1777e-06,-1.0595e-05,0,0,0,1
1.567,-1.1737e-05,-2.1583e-06,-1.0573e-05,0,0,0,1
1.5739,-1.1598e-05,-2.1386e-06,-1.055e-05,0,0,0,1
1.5808,-1.146e-05,-2.1186e-06,-1.0526e-05,0,0,0,1
1.5877,-1.1321e-05,-2.0984e-06,-1.0503e-05,0,0,0,1
1.5947,-1.1181e-05,-2.078e-06,-1.0478e-05,0,0,0,1
1.5959,-1.1157e-05,-2.0744e-06,-1.0474e-05,0,0,0,1
1.5971,-1.1133e-05,-2.0709e-06,-1.047e-05,0,0,0,1
1.5983,-1.1109e-05,-2.0673e-06,-1.0466e-05,0,0,0,1
1.5994,-1.1085e-05,-2.0637e-06,-1.0461e-05,0,0,0,1
1.6006,-1.1061e-05,-2.0601e-06,-1.0457e-05,0,0,0,1
1.6018,-1.1037e-05,-2.0565e-06,-1.0453e-05,0,0,0,1
1.603,-1.1013e-05,-2.0529e-06,-1.0448e-05,0,0,0,1
1.6042,-1.0989e-05,-2.0493e-06,-1.0444e-05,0,0,0,1
1.6054,-1.0964e-05,-2.0457e-06,-1.0439e-05,0,0,0,1
1.6123,-1.0825e-05,-2.0247e-06,-1.0413e-05,0,0,0,1
1.6193,-1.0685e-05,-2.0035e-06,-1.0387e-05,0,0,0,1
1.6262,-1.0546e-05,-1.9823e-06,-1.036e-05,0,0,0,1
1.6331,-1.0406e-05,-1.9609e-06,-1.0333e-05,0,0,0,1
1.64,-1.0267e-05,-1.9395e-06,-1.0305e-05,0,0,0,1
1.647,-1.0127e-05,-1.9179e-06,-1.0277e-05,0,0,0,1
1.6539,-9.9879e-06,-1.8963e-06,-1.0248e-05,0,0,0,1
1.6608,-9.8484e-06,-1.8745e-06,-1.022e-05,0,0,0,1
1.6677,-9.709e-06,-1.8526e-06,-1.0191e-05,0,0,0,1
1.6696,-9.6717e-06,-1.8468e-06,-1.0183e-05,0,0,0,1
1.6714,-9.6344e-06,-1.8409e-06,-1.0176e-05,0,0,0,1
1.6733,-9.5972e-06,-1.835e-06,-1.0168e-05,0,0,0,1
1.6751,-9.5599e-06,-1.8291e-06,-1.016e-05,0,0,0,1
1.677,-9.5227e-06,-1.8233e-06,-1.0152e-05,0,0,0,1
1.6788,-9.4855e-06,-1.8174e-06,-1.0144e-05,0,0,0,1
1.6807,-9.4483e-06,-1.8115e-06,-1.0136e-05,0,0,0,1
1.6825,-9.411e-06,-1.8056e-06,-1.0128e-05,0,0,0,1
1.6844,-9.3738e-06,-1.7996e-06,-1.012e-05,0,0,0,1
1.6913,-9.2347e-06,-1.7774e-06,-1.009e-05,0,0,0,1
1.6982,-9.0956e-06,-1.755e-06,-1.0059e-05,0,0,0,1
1.7051,-8.9565e-06,-1.7325e-06,-1.0028e-05,0,0,0,1
1.7121,-8.8175e-06,-1.7099e-06,-9.9963e-06,0,0,0,1
1.719,-8.6784e-06,-1.6871e-06,-9.9645e-06,0,0,0,1
1.7259,-8.5395e-06,-1.6642e-06,-9.9325e-06,0,0,0,1
1.7328,-8.4005e-06,-1.6412e-06,-9.9002e-06,0,0,0,1
1.7398,-8.2616e-06,-1.6181e-06,-9.8679e-06,0,0,0,1
1.7467,-8.1228e-06,-1.5949e-06,-9.8355e-06,0,0,0,1
1.7479,-8.0991e-06,-1.591e-06,-9.83e-06,0,0,0,1
1.749,-8.0755e-06,-1.587e-06,-9.8245e-06,0,0,0,1
1.7502,-8.0519e-06,-1.583e-06,-9.8189e-06,0,0,0,1
1.7514,-8.0282e-06,-1.5791e-06,-9.8133e-06,0,0,0,1
1.7526,-8.0046e-06,-1.5751e-06,-9.8077e-06,0,0,0,1
1.7537,-7.981e-06,-1.5711e-06,-9.8021e-06,0,0,0,1
1.7549,-7.9574e-06,-1.5671e-06,-9.7965e-06,0,0,0,1
1.7561,-7.9338e-06,-1.5631e-06,-9.7909e-06,0,0,0,1
1.7573,-7.9102e-06,-1.5591e-06,-9.7852e-06,0,0,0,1
1.7642,-7.7707e-06,-1.5357e-06,-9.7527e-06,0,0,0,1
1.7711,-7.6296e-06,-1.5126e-06,-9.7217e-06,0,0,0,1
1.778,-7.4871e-06,-1.4897e-06,-9.6923e-06,0,0,0,1
1.785,-7.3433e-06,-1.467e-06,-9.6642e-06,0,0,0,1
1.7919,-7.1982e-06,-1.4445e-06,-9.6377e-06,0,0,0,1
1.7988,-7.0521e-06,-1.4222e-06,-9.6125e-06,0,0,0,1
1.8057,-6.9048e-06,-1.4001e-06,-9.5887e-06,0,0,0,1
1.8127,-6.7567e-06,-1.3783e-06,-9.5663e-06,0,0,0,1
1.8196,-6.6077e-06,-1.3567e-06,-9.5453e-06,0,0,0,1
1.8208,-6.5807e-06,-1.3528e-06,-9.5416e-06,0,0,0,1
1.8221,-6.5538e-06,-1.3489e-06,-9.538e-06,0,0,0,1
1.8233,-6.5267e-06,-1.3451e-06,-9.5345e-06,0,0,0,1
1.8246,-6.4997e-06,-1.3412e-06,-9.531e-06,0,0,0,1
1.8258,-6.4726e-06,-1.3374e-06,-9.5276e-06,0,0,0,1
1.8271,-6.4454e-06,-1.3335e-06,-9.5242e-06,0,0,0,1
1.8283,-6.4182e-06,-1.3297e-06,-9.5208e-06,0,0,0,1
1.8296,-6.3909e-06,-1.3259e-06,-9.5175e-06,0,0,0,1
1.8308,-6.3636e-06,-1.3221e-06,-9.5143e-06,0,0,0,1
1.8377,-6.2125e-06,-1.3009e-06,-9.496e-06,0,0,0,1
1.8446,-6.0625e-06,-1.2796e-06,-9.477e-06,0,0,0,1
1.8516,-5.9136e-06,-1.2581e-06,-9.4572e-06,0,0,0,1
1.8585,-5.7658e-06,-1.2365e-06,-9.4368e-06,0,0,0,1
1.8654,-5.619e-06,-1.2147e-06,-9.4157e-06,0,0,0,1
1.8723,-5.4733e-06,-1.1928e-06,-9.394e-06,0,0,0,1
1.8793,-5.3286e-06,-1.1707e-06,-9.3718e-06,0,0,0,1
1.8862,-5.1849e-06,-1.1486e-06,-9.3491e-06,0,0,0,1
1.8931,-5.0422e-06,-1.1263e-06,-9.3259e-06,0,0,0,1
1.8948,-5.0072e-06,-1.1208e-06,-9.3201e-06,0,0,0,1
1.8965,-4.9722e-06,-1.1153e-06,-9.3142e-06,0,0,0,1
1.8982,-4.9373e-06,-1.1097e-06,-9.3083e-06,0,0,0,1
1.8999,-4.9025e-06,-1.1042e-06,-9.3023e-06,0,0,0,1
1.9016,-4.8677e-06,-1.0986e-06,-9.2963e-06,0,0,0,1
1.9033,-4.833e-06,-1.0931e-06,-9.2902e-06,0,0,0,1
1.9051,-4.7984e-06,-1.0875e-06,-9.284e-06,0,0,0,1
1.9068,-4.7639e-06,-1.0819e-06,-9.2778e-06,0,0,0,1
1.9085,-4.7294e-06,-1.0763e-06,-9.2715e-06,0,0,0,1
1.9154,-4.5903e-06,-1.0536e-06,-9.2457e-06,0,0,0,1
1.9223,-4.4522e-06,-1.031e-06,-9.2195e-06,0,0,0,1
1.9292,-4.3153e-06,-1.0085e-06,-9.1927e-06,0,0,0,1
1.9362,-4.1795e-06,-9.8612e-07,-9.1655e-06,0,0,0,1
1.9431,-4.0447e-06,-9.6382e-07,-9.1379e-06,0,0,0,1
1.95,-3.911e-06,-9.4162e-07,-9.11e-06,0,0,0,1
1.9569,-3.7784e-06,-9.1951e-07,-9.0817e-06,0,0,0,1
1.9638,-3.6468e-06,-8.975e-07,-9.0531e-06,0,0,0,1
1.9708,-3.5162e-06,-8.7559e-07,-9.0242e-06,0,0,0,1
1.9713,-3.5056e-06,-8.7382e-07,-9.0218e-06,0,0,0,1
1.9719,-3.4951e-06,-8.7205e-07,-9.0194e-06,0,0,0,1
1.9725,-3.4846e-06,-8.7027e-07,-9.0171e-06,0,0,0,1
1.973,-3.474e-06,-8.685e-07,-9.0147e-06,0,0,0,1
1.9736,-3.4635e-06,-8.6673e-07,-9.0123e-06,0,0,0,1
1.9741,-3.453e-06,-8.6496e-07,-9.0099e-06,0,0,0,1
1.9747,-3.4425e-06,-8.6319e-07,-9.0076e-06,0,0,0,1
1.9753,-3.432e-06,-8.6142e-07,-9.0052e-06,0,0,0,1
1.9758,-3.4215e-06,-8.5965e-07,-9.0028e-06,0,0,0,1
1.9827,-3.2929e-06,-8.3776e-07,-8.973e-06,0,0,0,1
1.9897,-3.1655e-06,-8.1573e-07,-8.9429e-06,0,0,0,1
1.9966,-3.0394e-06,-7.9355e-07,-8.9123e-06,0,0,0,1
2.0035,-2.9145e-06,-7.7126e-07,-8.8814e-06,0,0,0,1
2.0104,-2.7908e-06,-7.4887e-07,-8.8502e-06,0,0,0,1
2.0174,-2.6682e-06,-7.264e-07,-8.8187e-06,0,0,0,1
2.0243,-2.5468e-06,-7.0387e-07,-8.7869e-06,0,0,0,1
2.0312,-2.4265e-06,-6.8129e-07,-8.7548e-06,0,0,0,1
2.0381,-2.3073e-06,-6.5867e-07,-8.7226e-06,0,0,0,1
2.0393,-2.2873e-06,-6.5486e-07,-8.7171e-06,0,0,0,1
2.0405,-2.2673e-06,-6.5103e-07,-8.7116e-06,0,0,0,1
2.0416,-2.2474e-06,-6.472e-07,-8.7061e-06,0,0,0,1
2.0428,-2.2275e-06,-6.4337e-07,-8.7006e-06,0,0,0,1
2.044,-2.2077e-06,-6.3953e-07,-8.6951e-06,0,0,0,1
2.0451,-2.1878e-06,-6.3569e-07,-8.6895e-06,0,0,0,1
2.0463,-2.1681e-06,-6.3184e-07,-8.684e-06,0,0,0,1
2.0475,-2.1483e-06,-6.2799e-07,-8.6784e-06,0,0,0,1
2.0486,-2.1286e-06,-6.2413e-07,-8.6728e-06,0,0,0,1
2.0556,-2.0123e-06,-6.0127e-07,-8.6395e-06,0,0,0,1
2.0625,-1.8971e-06,-5.7851e-07,-8.6061e-06,0,0,0,1
2.0694,-1.783e-06,-5.5583e-07,-8.5725e-06,0,0,0,1
2.0763,-1.6699e-06,-5.3324e-07,-8.5389e-06,0,0,0,1
2.0832,-1.5577e-06,-5.1074e-07,-8.5052e-06,0,0,0,1
2.0902,-1.4466e-06,-4.8833e-07,-8.4714e-06,0,0,0,1
2.0971,-1.3365e-06,-4.6601e-07,-8.4375e-06,0,0,0,1
2.104,-1.2274e-06,-4.4378e-07,-8.4036e-06,0,0,0,1
2.1109,-1.1192e-06,-4.2164e-07,-8.3697e-06,0,0,0,1
2.1129,-1.0886e-06,-4.1535e-07,-8.36e-06,0,0,0,1
2.1149,-1.0581e-06,-4.0907e-07,-8.3503e-06,0,0,0,1
2.1168,-1.0277e-06,-4.028e-07,-8.3406e-06,0,0,0,1
2.1188,-9.9731e-07,-3.9653e-07,-8.3308e-06,0,0,0,1
2.1208,-9.6705e-07,-3.9026e-07,-8.321e-06,0,0,0,1
2.1227,-9.3687e-07,-3.84e-07,-8.3112e-06,0,0,0,1
2.1247,-9.0677e-07,-3.7774e-07,-8.3014e-06,0,0,0,1
2.1267,-8.7676e-07,-3.7149e-07,-8.2915e-06,0,0,0,1
2.1287,-8.4683e-07,-3.6524e-07,-8.2816e-06,0,0,0,1
2.1356,-7.4234e-07,-3.4344e-07,-8.2468e-06,0,0,0,1
2.1425,-6.3894e-07,-3.2195e-07,-8.2118e-06,0,0,0,1
2.1494,-5.3663e-07,-3.0076e-07,-8.1766e-06,0,0,0,1
2.1563,-4.3538e-07,-2.7988e-07,-8.1414e-06,0,0,0,1
2.1633,-3.3518e-07,-2.5929e-07,-8.106e-06,0,0,0,1
2.1702,-2.3602e-07,-2.3898e-07,-8.0704e-06,0,0,0,1
2.1771,-1.3787e-07,-2.1896e-07,-8.0348e-06,0,0,0,1
2.184,-4.0736e-08,-1.9922e-07,-7.9991e-06,0,0,0,1
2.191,5.5411e-08,-1.7975e-07,-7.9632e-06,0,0,0,1
2.1916,6.3848e-08,-1.7805e-07,-7.96e-06,0,0,0,1
2.1922,7.2277e-08,-1.7635e-07,-7.9568e-06,0,0,0,1
2.1928,8.0697e-08,-1.7464e-07,-7.9537e-06,0,0,0,1
2.1934,8.911e-08,-1.7295e-07,-7.9505e-06,0,0,0,1
2.194,9.7513e-08,-1.7125e-07,-7.9473e-06,0,0,0,1
2.1946,1.0591e-07,-1.6955e-07,-7.9441e-06,0,0,0,1
2.1952,1.143e-07,-1.6786e-07,-7.9409e-06,0,0,0,1
2.1958,1.2267e-07,-1.6617e-07,-7.9377e-06,0,0,0,1
2.1965,1.3104e-07,-1.6448e-07,-7.9345e-06,0,0,0,1
2.2034,2.2075e-07,-1.346e-07,-7.8902e-06,0,0,0,1
2.2103,3.0045e-07,-8.3414e-08,-7.8297e-06,0,0,0,1
2.2172,3.7079e-07,-1.2143e-08,-7.7543e-06,0,0,0,1
2.2241,4.3243e-07,7.7846e-08,-7.6652e-06,0,0,0,1
2.2311,4.8599e-07,1.8524e-07,-7.5637e-06,0,0,0,1
2.238,5.3206e-07,3.0876e-07,-7.451e-06,0,0,0,1
2.2449,5.7118e-07,4.4719e-07,-7.3281e-06,0,0,0,1
2.2518,6.0387e-07,5.9937e-07,-7.1962e-06,0,0,0,1
2.2588,6.3059e-07,7.6417e-07,-7.0563e-06,0,0,0,1
2.2602,6.3523e-07,7.9906e-07,-7.0269e-06,0,0,0,1
2.2616,6.395e-07,8.3485e-07,-6.9969e-06,0,0,0,1
2.2629,6.4342e-07,8.7152e-07,-6.9662e-06,0,0,0,1
2.2643,6.4697e-07,9.0908e-07,-6.9348e-06,0,0,0,1
2.2657,6.5017e-07,9.4753e-07,-6.9028e-06,0,0,0,1
2.2671,6.53e-07,9.8687e-07,-6.87e-06,0,0,0,1
2.2685,6.5549e-07,1.0271e-06,-6.8366e-06,0,0,0,1
2.2699,6.5761e-07,1.0682e-06,-6.8025e-06,0,0,0,1
2.2713,6.5939e-07,1.1102e-06,-6.7677e-06,0,0,0,1
2.2783,6.682e-07,1.3171e-06,-6.5955e-06,0,0,0,1
2.2852,6.7874e-07,1.517e-06,-6.4274e-06,0,0,0,1
2.2921,6.9089e-07,1.7101e-06,-6.2633e-06,0,0,0,1
2.299,7.0457e-07,1.8965e-06,-6.1032e-06,0,0,0,1
2.3059,7.1971e-07,2.0762e-06,-5.947e-06,0,0,0,1
2.3129,7.3621e-07,2.2495e-06,-5.7948e-06,0,0,0,1
2.3198,7.5402e-07,2.4163e-06,-5.6464e-06,0,0,0,1
2.3267,7.7305e-07,2.5768e-06,-5.5018e-06,0,0,0,1
2.3336,7.9325e-07,2.7311e-06,-5.361e-06,0,0,0,1
2.3353,7.9816e-07,2.7663e-06,-5.3285e-06,0,0,0,1
2.3369,8.0316e-07,2.8011e-06,-5.2963e-06,0,0,0,1
2.3385,8.0825e-07,2.8356e-06,-5.2643e-06,0,0,0,1
2.3401,8.1343e-07,2.8696e-06,-5.2325e-06,0,0,0,1
2.3417,8.1871e-07,2.9033e-06,-5.201e-06,0,0,0,1
2.3434,8.2407e-07,2.9365e-06,-5.1696e-06,0,0,0,1
2.345,8.2952e-07,2.9694e-06,-5.1385e-06,0,0,0,1
2.3466,8.3507e-07,3.0019e-06,-5.1076e-06,0,0,0,1
2.3482,8.407e-07,3.034e-06,-5.077e-06,0,0,0,1
2.3551,8.6487e-07,3.1672e-06,-4.9488e-06,0,0,0,1
2.3621,8.89e-07,3.2948e-06,-4.8252e-06,0,0,0,1
2.369,9.1311e-07,3.4167e-06,-4.7061e-06,0,0,0,1
2.3759,9.3724e-07,3.5329e-06,-4.5914e-06,0,0,0,1
2.3828,9.6141e-07,3.6435e-06,-4.481e-06,0,0,0,1
2.3898,9.8566e-07,3.7486e-06,-4.375e-06,0,0,0,1
2.3967,1.01e-06,3.848e-06,-4.2731e-06,0,0,0,1
2.4036,1.0345e-06,3.942e-06,-4.1755e-06,0,0,0,1
2.4105,1.0591e-06,4.0305e-06,-4.082e-06,0,0,0,1
2.4118,1.0636e-06,4.046e-06,-4.0654e-06,0,0,0,1
2.413,1.0681e-06,4.0614e-06,-4.049e-06,0,0,0,1
2.4143,1.0725e-06,4.0765e-06,-4.0327e-06,0,0,0,1
2.4156,1.077e-06,4.0914e-06,-4.0166e-06,0,0,0,1
2.4168,1.0814e-06,4.1062e-06,-4.0006e-06,0,0,0,1
2.4181,1.0859e-06,4.1207e-06,-3.9848e-06,0,0,0,1
2.4193,1.0903e-06,4.1351e-06,-3.9691e-06,0,0,0,1
2.4206,1.0947e-06,4.1493e-06,-3.9535e-06,0,0,0,1
2.4219,1.0991e-06,4.1632e-06,-3.9382e-06,0,0,0,1
2.4288,1.1228e-06,4.2373e-06,-3.8554e-06,0,0,0,1
2.4357,1.1456e-06,4.3071e-06,-3.7754e-06,0,0,0,1
2.4426,1.1676e-06,4.3726e-06,-3.698e-06,0,0,0,1
2.4496,1.1888e-06,4.4339e-06,-3.6233e-06,0,0,0,1
2.4565,1.2093e-06,4.4911e-06,-3.5511e-06,0,0,0,1
2.4634,1.2291e-06,4.5442e-06,-3.4815e-06,0,0,0,1
2.4703,1.2482e-06,4.5933e-06,-3.4144e-06,0,0,0,1
2.4772,1.2667e-06,4.6385e-06,-3.3498e-06,0,0,0,1
2.4842,1.2846e-06,4.6799e-06,-3.2877e-06,0,0,0,1
2.4849,1.2864e-06,4.684e-06,-3.2813e-06,0,0,0,1
2.4856,1.2882e-06,4.688e-06,-3.275e-06,0,0,0,1
2.4863,1.2901e-06,4.692e-06,-3.2687e-06,0,0,0,1
2.4871,1.2919e-06,4.696e-06,-3.2624e-06,0,0,0,1
2.4878,1.2936e-06,4.6999e-06,-3.2562e-06,0,0,0,1
2.4885,1.2954e-06,4.7038e-06,-3.2499e-06,0,0,0,1
2.4892,1.2972e-06,4.7076e-06,-3.2438e-06,0,0,0,1
2.49,1.2989e-06,4.7113e-06,-3.2376e-06,0,0,0,1
2.4907,1.3007e-06,4.715e-06,-3.2315e-06,0,0,0,1
2.4976,1.317e-06,4.7488e-06,-3.1735e-06,0,0,0,1
2.5045,1.3328e-06,4.7796e-06,-3.1166e-06,0,0,0,1
2.5115,1.3479e-06,4.8076e-06,-3.0608e-06,0,0,0,1
2.5184,1.3623e-06,4.8328e-06,-3.006e-06,0,0,0,1
2.5253,1.3759e-06,4.8552e-06,-2.9522e-06,0,0,0,1
2.5322,1.3888e-06,4.875e-06,-2.8996e-06,0,0,0,1
2.5392,1.4007e-06,4.8922e-06,-2.848e-06,0,0,0,1
2.5461,1.4118e-06,4.9068e-06,-2.7974e-06,0,0,0,1
2.553,1.4219e-06,4.9189e-06,-2.7479e-06,0,0,0,1
2.5536,1.4228e-06,4.9199e-06,-2.7435e-06,0,0,0,1
2.5542,1.4236e-06,4.9208e-06,-2.7391e-06,0,0,0,1
2.5549,1.4245e-06,4.9217e-06,-2.7348e-06,0,0,0,1
2.5555,1.4254e-06,4.9226e-06,-2.7304e-06,0,0,0,1
2.5561,1.4262e-06,4.9235e-06,-2.7261e-06,0,0,0,1
2.5567,1.427e-06,4.9243e-06,-2.7217e-06,0,0,0,1
2.5573,1.4279e-06,4.9252e-06,-2.7174e-06,0,0,0,1
2.558,1.4287e-06,4.9259e-06,-2.7131e-06,0,0,0,1
2.5586,1.4295e-06,4.9267e-06,-2.7088e-06,0,0,0,1
2.5655,1.4385e-06,4.9343e-06,-2.661e-06,0,0,0,1
2.5724,1.4469e-06,4.94e-06,-2.6142e-06,0,0,0,1
2.5793,1.4547e-06,4.9438e-06,-2.5682e-06,0,0,0,1
2.5863,1.462e-06,4.9459e-06,-2.5231e-06,0,0,0,1
2.5932,1.4688e-06,4.9462e-06,-2.4788e-06,0,0,0,1
2.6001,1.475e-06,4.9448e-06,-2.4352e-06,0,0,0,1
2.607,1.4807e-06,4.9418e-06,-2.3923e-06,0,0,0,1
2.6139,1.4859e-06,4.9371e-06,-2.3502e-06,0,0,0,1
2.6209,1.4905e-06,4.9309e-06,-2.3087e-06,0,0,0,1
2.6227,1.4917e-06,4.929e-06,-2.2979e-06,0,0,0,1
2.6245,1.4928e-06,4.9269e-06,-2.2871e-06,0,0,0,1
2.6264,1.4938e-06,4.9247e-06,-2.2764e-06,0,0,0,1
2.6282,1.4949e-06,4.9224e-06,-2.2657e-06,0,0,0,1
2.63,1.4959e-06,4.9199e-06,-2.2551e-06,0,0,0,1
2.6319,1.4968e-06,4.9174e-06,-2.2446e-06,0,0,0,1
2.6337,1.4977e-06,4.9146e-06,-2.2341e-06,0,0,0,1
2.6355,1.4986e-06,4.9118e-06,-2.2237e-06,0,0,0,1
2.6374,1.4994e-06,4.9088e-06,-2.2133e-06,0,0,0,1
2.6443,1.5022e-06,4.8969e-06,-2.1746e-06,0,0,0,1
2.6512,1.5045e-06,4.8841e-06,-2.1366e-06,0,0,0,1
2.6581,1.5064e-06,4.8704e-06,-2.0993e-06,0,0,0,1
2.665,1.5079e-06,4.8559e-06,-2.0629e-06,0,0,0,1
2.672,1.5089e-06,4.8405e-06,-2.0274e-06,0,0,0,1
2.6789,1.5096e-06,4.8242e-06,-1.9927e-06,0,0,0,1
2.6858,1.5098e-06,4.8072e-06,-1.959e-06,0,0,0,1
2.6927,1.5096e-06,4.7893e-06,-1.9262e-06,0,0,0,1
2.6997,1.509e-06,4.7706e-06,-1.8943e-06,0,0,0,1
2.7003,1.5089e-06,4.7689e-06,-1.8915e-06,0,0,0,1
2.7009,1.5088e-06,4.7671e-06,-1.8886e-06,0,0,0,1
2.7016,1.5087e-06,4.7653e-06,-1.8857e-06,0,0,0,1
2.7022,1.5086e-06,4.7635e-06,-1.8829e-06,0,0,0,1
2.7028,1.5085e-06,4.7618e-06,-1.88e-06,0,0,0,1
2.7035,1.5084e-06,4.76e-06,-1.8771e-06,0,0,0,1
2.7041,1.5083e-06,4.7582e-06,-1.8743e-06,0,0,0,1
2.7047,1.5082e-06,4.7564e-06,-1.8714e-06,0,0,0,1
2.7054,1.5081e-06,4.7545e-06,-1.8686e-06,0,0,0,1
2.7123,1.5066e-06,4.7344e-06,-1.8376e-06,0,0,0,1
2.7192,1.5045e-06,4.7135e-06,-1.8064e-06,0,0,0,1
2.7261,1.5018e-06,4.692e-06,-1.7752e-06,0,0,0,1
2.7331,1.4987e-06,4.6699e-06,-1.7439e-06,0,0,0,1
2.74,1.495e-06,4.6472e-06,-1.7125e-06,0,0,0,1
2.7469,1.4909e-06,4.6241e-06,-1.6811e-06,0,0,0,1
2.7538,1.4863e-06,4.6004e-06,-1.6496e-06,0,0,0,1
2.7608,1.4813e-06,4.5763e-06,-1.6182e-06,0,0,0,1
2.7677,1.4759e-06,4.5518e-06,-1.5867e-06,0,0,0,1
2.7686,1.4751e-06,4.5484e-06,-1.5823e-06,0,0,0,1
2.7696,1.4743e-06,4.5449e-06,-1.5779e-06,0,0,0,1
2.7706,1.4735e-06,4.5415e-06,-1.5736e-06,0,0,0,1
2.7715,1.4726e-06,4.538e-06,-1.5692e-06,0,0,0,1
2.7725,1.4718e-06,4.5345e-06,-1.5648e-06,0,0,0,1
2.7735,1.471e-06,4.531e-06,-1.5604e-06,0,0,0,1
2.7744,1.4701e-06,4.5274e-06,-1.556e-06,0,0,0,1
2.7754,1.4692e-06,4.5239e-06,-1.5516e-06,0,0,0,1
2.7763,1.4683e-06,4.5204e-06,-1.5472e-06,0,0,0,1
2.7833,1.462e-06,4.4945e-06,-1.5158e-06,0,0,0,1
2.7902,1.4554e-06,4.4682e-06,-1.485e-06,0,0,0,1
2.7971,1.4488e-06,4.4415e-06,-1.4547e-06,0,0,0,1
2.804,1.4419e-06,4.4143e-06,-1.4249e-06,0,0,0,1
2.811,1.4348e-06,4.3867e-06,-1.3956e-06,0,0,0,1
2.8179,1.4274e-06,4.3587e-06,-1.3668e-06,0,0,0,1
2.8248,1.4197e-06,4.3303e-06,-1.3384e-06,0,0,0,1
2.8317,1.4117e-06,4.3016e-06,-1.3104e-06,0,0,0,1
2.8386,1.4033e-06,4.2725e-06,-1.2829e-06,0,0,0,1
2.8393,1.4026e-06,4.2699e-06,-1.2805e-06,0,0,0,1
2.8399,1.4018e-06,4.2674e-06,-1.2781e-06,0,0,0,1
2.8405,1.4011e-06,4.2648e-06,-1.2757e-06,0,0,0,1
2.8411,1.4003e-06,4.2622e-06,-1.2733e-06,0,0,0,1
2.8417,1.3996e-06,4.2596e-06,-1.2709e-06,0,0,0,1
2.8423,1.3988e-06,4.257e-06,-1.2685e-06,0,0,0,1
2.8429,1.3981e-06,4.2544e-06,-1.2662e-06,0,0,0,1
2.8435,1.3973e-06,4.2518e-06,-1.2638e-06,0,0,0,1
2.8441,1.3966e-06,4.2492e-06,-1.2614e-06,0,0,0,1
2.8511,1.3886e-06,4.219e-06,-1.2347e-06,0,0,0,1
2.858,1.3818e-06,4.1879e-06,-1.2083e-06,0,0,0,1
2.8649,1.3758e-06,4.1561e-06,-1.1821e-06,0,0,0,1
2.8718,1.3704e-06,4.1237e-06,-1.1561e-06,0,0,0,1
2.8787,1.3655e-06,4.0909e-06,-1.1303e-06,0,0,0,1
2.8857,1.3608e-06,4.0578e-06,-1.1045e-06,0,0,0,1
2.8926,1.3563e-06,4.0246e-06,-1.0789e-06,0,0,0,1
2.8995,1.3517e-06,3.9914e-06,-1.0534e-06,0,0,0,1
2.9064,1.347e-06,3.9583e-06,-1.0279e-06,0,0,0,1
2.9072,1.3465e-06,3.9545e-06,-1.025e-06,0,0,0,1
2.908,1.346e-06,3.9507e-06,-1.0221e-06,0,0,0,1
2.9088,1.3455e-06,3.9469e-06,-1.0192e-06,0,0,0,1
2.9096,1.345e-06,3.943e-06,-1.0163e-06,0,0,0,1
2.9104,1.3445e-06,3.9391e-06,-1.0134e-06,0,0,0,1
2.9112,1.3441e-06,3.9353e-06,-1.0105e-06,0,0,0,1
2.912,1.3437e-06,3.9314e-06,-1.0076e-06,0,0,0,1
2.9128,1.3432e-06,3.9275e-06,-1.0047e-06,0,0,0,1
2.9136,1.3428e-06,3.9235e-06,-1.0018e-06,0,0,0,1
2.9205,1.3407e-06,3.891e-06,-9.7819e-07,0,0,0,1
2.9274,1.3404e-06,3.8615e-06,-9.5696e-07,0,0,0,1
2.9344,1.3416e-06,3.8345e-06,-9.3793e-07,0,0,0,1
2.9413,1.3437e-06,3.8095e-06,-9.2087e-07,0,0,0,1
2.9482,1.3462e-06,3.786e-06,-9.0554e-07,0,0,0,1
2.9551,1.3488e-06,3.7637e-06,-8.9173e-07,0,0,0,1
2.962,1.3511e-06,3.742e-06,-8.7921e-07,0,0,0,1
2.969,1.3529e-06,3.7208e-06,-8.6779e-07,0,0,0,1
2.9759,1.3538e-06,3.6998e-06,-8.5725e-07,0,0,0,1
2.9765,1.3538e-06,3.698e-06,-8.5641e-07,0,0,0,1
2.9771,1.3539e-06,3.6963e-06,-8.5558e-07,0,0,0,1
2.9777,1.354e-06,3.6946e-06,-8.5478e-07,0,0,0,1
2.9782,1.3541e-06,3.6929e-06,-8.5399e-07,0,0,0,1
2.9788,1.3542e-06,3.6912e-06,-8.5323e-07,0,0,0,1
2.9794,1.3544e-06,3.6896e-06,-8.5249e-07,0,0,0,1
2.98,1.3545e-06,3.688e-06,-8.5178e-07,0,0,0,1
2.9806,1.3547e-06,3.6864e-06,-8.5108e-07,0,0,0,1
2.9812,1.3549e-06,3.6849e-06,-8.504e-07,0,0,0,1
2.9881,1.3589e-06,3.653e-06,-8.3882e-07,0,0,0,1
2.995,1.3639e-06,3.597e-06,-8.1869e-07,0,0,0,1
3.0019,1.3671e-06,3.5217e-06,-7.887e-07,0,0,0,1
3.0089,1.3665e-06,3.4311e-06,-7.4786e-07,0,0,0,1
3.0158,1.3602e-06,3.329e-06,-6.9548e-07,0,0,0,1
3.0227,1.347e-06,3.2185e-06,-6.3118e-07,0,0,0,1
3.0296,1.326e-06,3.1022e-06,-5.5486e-07,0,0,0,1
3.0365,1.2965e-06,2.9826e-06,-4.6667e-07,0,0,0,1
3.0435,1.2583e-06,2.8614e-06,-3.6693e-07,0,0,0,1
3.0443,1.2535e-06,2.8475e-06,-3.5496e-07,0,0,0,1
3.045,1.2487e-06,2.8331e-06,-3.4292e-07,0,0,0,1
3.0458,1.2441e-06,2.8184e-06,-3.3081e-07,0,0,0,1
3.0466,1.2395e-06,2.8033e-06,-3.1861e-07,0,0,0,1
3.0474,1.2349e-06,2.7878e-06,-3.0633e-07,0,0,0,1
3.0482,1.2305e-06,2.772e-06,-2.9396e-07,0,0,0,1
3.049,1.226e-06,2.7557e-06,-2.815e-07,0,0,0,1
3.0497,1.2216e-06,2.7392e-06,-2.6894e-07,0,0,0,1
3.0505,1.2173e-06,2.7222e-06,-2.5629e-07,0,0,0,1
3.0574,1.1711e-06,2.5668e-06,-1.3181e-07,0,0,0,1
3.0644,1.1113e-06,2.4028e-06,1.5062e-08,0,0,0,1
3.0713,1.0413e-06,2.2309e-06,1.7998e-07,0,0,0,1
3.0782,9.6462e-07,2.0518e-06,3.5898e-07,0,0,0,1
3.0851,8.8406e-07,1.8665e-06,5.4853e-07,0,0,0,1
3.0921,8.0224e-07,1.6759e-06,7.455e-07,0,0,0,1
3.099,7.2144e-07,1.4809e-06,9.4715e-07,0,0,0,1
3.1059,6.4365e-07,1.2827e-06,1.1511e-06,0,0,0,1
3.1128,5.7063e-07,1.0821e-06,1.3553e-06,0,0,0,1
3.1131,5.6787e-07,1.0742e-06,1.3633e-06,0,0,0,1
3.1134,5.6509e-07,1.0662e-06,1.3714e-06,0,0,0,1
3.1136,5.6228e-07,1.0583e-06,1.3795e-06,0,0,0,1
3.1139,5.5945e-07,1.0504e-06,1.3876e-06,0,0,0,1
3.1142,5.5659e-07,1.0424e-06,1.3957e-06,0,0,0,1
3.1145,5.5372e-07,1.0345e-06,1.404e-06,0,0,0,1
3.1147,5.5082e-07,1.0265e-06,1.4122e-06,0,0,0,1
3.115,5.4789e-07,1.0185e-06,1.4205e-06,0,0,0,1
3.1153,5.4495e-07,1.0105e-06,1.4288e-06,0,0,0,1
3.1222,4.719e-07,8.2093e-07,1.6364e-06,0,0,0,1
3.1291,4.0414e-07,6.5917e-07,1.8316e-06,0,0,0,1
3.136,3.4238e-07,5.2354e-07,2.0113e-06,0,0,0,1
3.143,2.8726e-07,4.1168e-07,2.1723e-06,0,0,0,1
3.1499,2.3925e-07,3.2042e-07,2.3116e-06,0,0,0,1
3.1568,1.9823e-07,2.4511e-07,2.4279e-06,0,0,0,1
3.1637,1.6373e-07,1.8102e-07,2.5213e-06,0,0,0,1
3.1706,1.3524e-07,1.2415e-07,2.5919e-06,0,0,0,1
3.1776,1.1221e-07,7.1089e-08,2.6403e-06,0,0,0,1
3.1777,1.1197e-07,7.049e-08,2.6407e-06,0,0,0,1
3.1777,1.1174e-07,6.9896e-08,2.6412e-06,0,0,0,1
3.1778,1.1151e-07,6.9305e-08,2.6416e-06,0,0,0,1
3.1779,1.1127e-07,6.8718e-08,2.642e-06,0,0,0,1
3.178,1.1104e-07,6.8135e-08,2.6425e-06,0,0,0,1
3.1781,1.1081e-07,6.7556e-08,2.6429e-06,0,0,0,1
3.1781,1.1057e-07,6.698e-08,2.6433e-06,0,0,0,1
3.1782,1.1034e-07,6.6409e-08,2.6437e-06,0,0,0,1
3.1783,1.1011e-07,6.5841e-08,2.6442e-06,0,0,0,1
3.1852,9.0916e-08,1.9163e-08,2.6771e-06,0,0,0,1
3.1921,7.3369e-08,-2.2591e-08,2.7029e-06,0,0,0,1
3.1991,5.7333e-08,-5.9526e-08,2.7218e-06,0,0,0,1
3.206,4.2674e-08,-9.1748e-08,2.7338e-06,0,0,0,1
3.2129,2.9264e-08,-1.1936e-07,2.739e-06,0,0,0,1
3.2198,1.6974e-08,-1.4246e-07,2.7377e-06,0,0,0,1
3.2267,5.682e-09,-1.6115e-07,2.7298e-06,0,0,0,1
3.2337,-4.7331e-09,-1.7553e-07,2.7156e-06,0,0,0,1
3.2406,-1.4389e-08,-1.857e-07,2.6952e-06,0,0,0,1
3.2408,-1.4666e-08,-1.8594e-07,2.6945e-06,0,0,0,1
3.241,-1.4943e-08,-1.8617e-07,2.6938e-06,0,0,0,1
3.2412,-1.5218e-08,-1.864e-07,2.693e-06,0,0,0,1
3.2414,-1.5492e-08,-1.8663e-07,2.6923e-06,0,0,0,1
3.2416,-1.5765e-08,-1.8685e-07,2.6916e-06,0,0,0,1
3.2418,-1.6037e-08,-1.8707e-07,2.6909e-06,0,0,0,1
3.242,-1.6308e-08,-1.8728e-07,2.6901e-06,0,0,0,1
3.2422,-1.6577e-08,-1.8749e-07,2.6894e-06,0,0,0,1
3.2425,-1.6846e-08,-1.8769e-07,2.6886e-06,0,0,0,1
3.2494,-2.5939e-08,-1.9391e-07,2.6619e-06,0,0,0,1
3.2563,-3.5332e-08,-1.9909e-07,2.6327e-06,0,0,0,1
3.2632,-4.5069e-08,-2.0331e-07,2.6012e-06,0,0,0,1
3.2701,-5.5199e-08,-2.0664e-07,2.5674e-06,0,0,0,1
3.2771,-6.5769e-08,-2.0917e-07,2.5314e-06,0,0,0,1
3.284,-7.683e-08,-2.1093e-07,2.4934e-06,0,0,0,1
3.2909,-8.843e-08,-2.1197e-07,2.4533e-06,0,0,0,1
3.2978,-1.0062e-07,-2.1235e-07,2.4114e-06,0,0,0,1
3.3048,-1.1345e-07,-2.1208e-07,2.3677e-06,0,0,0,1
3.3048,-1.1359e-07,-2.1207e-07,2.3673e-06,0,0,0,1
3.3049,-1.1373e-07,-2.1206e-07,2.3668e-06,0,0,0,1
3.305,-1.1387e-07,-2.1206e-07,2.3663e-06,0,0,0,1
3.3051,-1.1401e-07,-2.1205e-07,2.3658e-06,0,0,0,1
3.3051,-1.1416e-07,-2.1204e-07,2.3653e-06,0,0,0,1
3.3052,-1.143e-07,-2.1204e-07,2.3649e-06,0,0,0,1
3.3053,-1.1444e-07,-2.1203e-07,2.3644e-06,0,0,0,1
3.3053,-1.1458e-07,-2.1202e-07,2.3639e-06,0,0,0,1
3.3054,-1.1473e-07,-2.1202e-07,2.3634e-06,0,0,0,1
3.3123,-1.2774e-07,-2.1126e-07,2.3185e-06,0,0,0,1
3.3193,-1.4043e-07,-2.1038e-07,2.2734e-06,0,0,0,1
3.3262,-1.5287e-07,-2.0939e-07,2.2282e-06,0,0,0,1
3.3331,-1.6515e-07,-2.083e-07,2.1829e-06,0,0,0,1
3.34,-1.7731e-07,-2.0713e-07,2.1376e-06,0,0,0,1
3.347,-1.8942e-07,-2.059e-07,2.0923e-06,0,0,0,1
3.3539,-2.0153e-07,-2.0462e-07,2.0472e-06,0,0,0,1
3.3608,-2.1369e-07,-2.0331e-07,2.0022e-06,0,0,0,1
3.3677,-2.2593e-07,-2.02e-07,1.9574e-06,0,0,0,1
3.3678,-2.261e-07,-2.0198e-07,1.9568e-06,0,0,0,1
3.3679,-2.2626e-07,-2.0196e-07,1.9562e-06,0,0,0,1
3.368,-2.2643e-07,-2.0195e-07,1.9556e-06,0,0,0,1
3.3681,-2.2659e-07,-2.0193e-07,1.955e-06,0,0,0,1
3.3682,-2.2676e-07,-2.0191e-07,1.9545e-06,0,0,0,1
3.3683,-2.2692e-07,-2.0189e-07,1.9539e-06,0,0,0,1
3.3684,-2.2708e-07,-2.0188e-07,1.9533e-06,0,0,0,1
3.3685,-2.2725e-07,-2.0186e-07,1.9527e-06,0,0,0,1
3.3686,-2.2741e-07,-2.0184e-07,1.9521e-06,0,0,0,1
3.3755,-2.3919e-07,-2.0044e-07,1.9074e-06,0,0,0,1
3.3824,-2.5006e-07,-1.9888e-07,1.8626e-06,0,0,0,1
3.3893,-2.6009e-07,-1.9719e-07,1.8178e-06,0,0,0,1
3.3962,-2.6934e-07,-1.9539e-07,1.7731e-06,0,0,0,1
3.4032,-2.779e-07,-1.9348e-07,1.7285e-06,0,0,0,1
3.4101,-2.8584e-07,-1.9149e-07,1.6841e-06,0,0,0,1
3.417,-2.9323e-07,-1.8946e-07,1.6401e-06,0,0,0,1
3.4239,-3.0014e-07,-1.8741e-07,1.5964e-06,0,0,0,1
3.4309,-3.0664e-07,-1.8536e-07,1.5533e-06,0,0,0,1
3.431,-3.0674e-07,-1.8532e-07,1.5526e-06,0,0,0,1
3.4311,-3.0685e-07,-1.8529e-07,1.5519e-06,0,0,0,1
3.4312,-3.0695e-07,-1.8525e-07,1.5511e-06,0,0,0,1
3.4313,-3.0706e-07,-1.8522e-07,1.5504e-06,0,0,0,1
3.4314,-3.0716e-07,-1.8519e-07,1.5497e-06,0,0,0,1
3.4316,-3.0726e-07,-1.8515e-07,1.549e-06,0,0,0,1
3.4317,-3.0737e-07,-1.8512e-07,1.5483e-06,0,0,0,1
3.4318,-3.0747e-07,-1.8508e-07,1.5476e-06,0,0,0,1
3.4319,-3.0757e-07,-1.8505e-07,1.5469e-06,0,0,0,1
3.4388,-3.132e-07,-1.8288e-07,1.5038e-06,0,0,0,1
3.4457,-3.1784e-07,-1.8052e-07,1.4606e-06,0,0,0,1
3.4527,-3.216e-07,-1.78e-07,1.4173e-06,0,0,0,1
3.4596,-3.246e-07,-1.7535e-07,1.3741e-06,0,0,0,1
3.4665,-3.2695e-07,-1.726e-07,1.331e-06,0,0,0,1
3.4734,-3.2874e-07,-1.698e-07,1.2883e-06,0,0,0,1
3.4804,-3.3009e-07,-1.6698e-07,1.246e-06,0,0,0,1
3.4873,-3.3108e-07,-1.6419e-07,1.2044e-06,0,0,0,1
3.4942,-3.3181e-07,-1.6147e-07,1.1634e-06,0,0,0,1
3.4943,-3.3182e-07,-1.6141e-07,1.1626e-06,0,0,0,1
3.4945,-3.3183e-07,-1.6135e-07,1.1617e-06,0,0,0,1
3.4946,-3.3184e-07,-1.613e-07,1.1608e-06,0,0,0,1
3.4948,-3.3186e-07,-1.6124e-07,1.16e-06,0,0,0,1
3.4949,-3.3187e-07,-1.6118e-07,1.1591e-06,0,0,0,1
3.4951,-3.3188e-07,-1.6113e-07,1.1583e-06,0,0,0,1
3.4952,-3.3189e-07,-1.6107e-07,1.1574e-06,0,0,0,1
3.4954,-3.319e-07,-1.6101e-07,1.1565e-06,0,0,0,1
3.4955,-3.3191e-07,-1.6095e-07,1.1557e-06,0,0,0,1
3.5024,-3.3173e-07,-1.5808e-07,1.1149e-06,0,0,0,1
3.5094,-3.3051e-07,-1.5495e-07,1.0739e-06,0,0,0,1
3.5163,-3.2842e-07,-1.516e-07,1.033e-06,0,0,0,1
3.5232,-3.2562e-07,-1.481e-07,9.9221e-07,0,0,0,1
3.5301,-3.2229e-07,-1.4451e-07,9.5188e-07,0,0,0,1
3.5371,-3.1856e-07,-1.409e-07,9.1219e-07,0,0,0,1
3.544,-3.1458e-07,-1.3732e-07,8.7332e-07,0,0,0,1
3.5509,-3.1048e-07,-1.3385e-07,8.3548e-07,0,0,0,1
3.5578,-3.0641e-07,-1.3054e-07,7.9888e-07,0,0,0,1
3.558,-3.0632e-07,-1.3047e-07,7.9806e-07,0,0,0,1
3.5581,-3.0622e-07,-1.3039e-07,7.9724e-07,0,0,0,1
3.5583,-3.0613e-07,-1.3032e-07,7.9641e-07,0,0,0,1
3.5585,-3.0603e-07,-1.3024e-07,7.9559e-07,0,0,0,1
3.5586,-3.0594e-07,-1.3017e-07,7.9477e-07,0,0,0,1
3.5588,-3.0584e-07,-1.301e-07,7.9395e-07,0,0,0,1
3.5589,-3.0575e-07,-1.3002e-07,7.9312e-07,0,0,0,1
3.5591,-3.0565e-07,-1.2995e-07,7.923e-07,0,0,0,1
3.5592,-3.0555e-07,-1.2987e-07,7.9148e-07,0,0,0,1
3.5662,-3.0055e-07,-1.2635e-07,7.5512e-07,0,0,0,1
3.5731,-2.9426e-07,-1.2243e-07,7.1831e-07,0,0,0,1
3.58,-2.87e-07,-1.1823e-07,6.8144e-07,0,0,0,1
3.5869,-2.7904e-07,-1.1389e-07,6.4488e-07,0,0,0,1
3.5939,-2.7066e-07,-1.0952e-07,6.0902e-07,0,0,0,1
3.6008,-2.6213e-07,-1.0525e-07,5.7422e-07,0,0,0,1
3.6077,-2.537e-07,-1.0117e-07,5.4084e-07,0,0,0,1
3.6146,-2.4563e-07,-9.7397e-08,5.0925e-07,0,0,0,1
3.6216,-2.3816e-07,-9.4003e-08,4.7983e-07,0,0,0,1
3.6222,-2.3747e-07,-9.3691e-08,4.7708e-07,0,0,0,1
3.6229,-2.3676e-07,-9.3376e-08,4.7433e-07,0,0,0,1
3.6236,-2.3604e-07,-9.3057e-08,4.7156e-07,0,0,0,1
3.6242,-2.353e-07,-9.2734e-08,4.688e-07,0,0,0,1
3.6249,-2.3456e-07,-9.2408e-08,4.6603e-07,0,0,0,1
3.6256,-2.338e-07,-9.2079e-08,4.6325e-07,0,0,0,1
3.6263,-2.3304e-07,-9.1746e-08,4.6048e-07,0,0,0,1
3.6269,-2.3226e-07,-9.1411e-08,4.577e-07,0,0,0,1
3.6276,-2.3147e-07,-9.1073e-08,4.5492e-07,0,0,0,1
3.6345,-2.2234e-07,-8.7195e-08,4.2548e-07,0,0,0,1
3.6415,-2.1172e-07,-8.2759e-08,3.9498e-07,0,0,0,1
3.6484,-2.0038e-07,-7.808e-08,3.6445e-07,0,0,0,1
3.6553,-1.8909e-07,-7.3447e-08,3.349e-07,0,0,0,1
3.6622,-1.7856e-07,-6.9124e-08,3.0737e-07,0,0,0,1
3.6691,-1.6948e-07,-6.5352e-08,2.8287e-07,0,0,0,1
3.6761,-1.6251e-07,-6.2351e-08,2.6247e-07,0,0,0,1
3.683,-1.5828e-07,-6.0333e-08,2.472e-07,0,0,0,1
3.6899,-1.574e-07,-5.9507e-08,2.3814e-07,0,0,0,1
3.69,-1.5742e-07,-5.9505e-08,2.3808e-07,0,0,0,1
3.6901,-1.5743e-07,-5.9503e-08,2.3802e-07,0,0,0,1
3.6901,-1.5744e-07,-5.9501e-08,2.3796e-07,0,0,0,1
3.6902,-1.5745e-07,-5.9499e-08,2.3789e-07,0,0,0,1
3.6903,-1.5746e-07,-5.9497e-08,2.3783e-07,0,0,0,1
3.6904,-1.5747e-07,-5.9495e-08,2.3777e-07,0,0,0,1
3.6905,-1.5748e-07,-5.9493e-08,2.377e-07,0,0,0,1
3.6905,-1.5749e-07,-5.9491e-08,2.3764e-07,0,0,0,1
3.6906,-1.575e-07,-5.9488e-08,2.3758e-07,0,0,0,1
3.6975,-1.5084e-07,-5.6698e-08,2.2191e-07,0,0,0,1
3.7045,-1.3552e-07,-5.0976e-08,1.9442e-07,0,0,0,1
3.7114,-1.213e-07,-4.5718e-08,1.6785e-07,0,0,0,1
3.7183,-1.1764e-07,-4.4204e-08,1.5523e-07,0,0,0,1
3.7252,-1.3069e-07,-4.8683e-08,1.6623e-07,0,0,0,1
3.7321,-1.6031e-07,-5.9586e-08,2.026e-07,0,0,0,1
3.7391,-2.0581e-07,-7.7104e-08,2.6474e-07,0,0,0,1
3.746,-2.67e-07,-1.012e-07,3.5279e-07,0,0,0,1
3.7529,-3.4372e-07,-1.3183e-07,4.6685e-07,0,0,0,1
